-- phpMyAdmin SQL Dump
-- version 3.3.9
-- http://www.phpmyadmin.net
--
-- Servidor: localhost
-- Tiempo de generación: 19-11-2012 a las 02:08:25
-- Versión del servidor: 5.1.53
-- Versión de PHP: 5.3.4

SET SQL_MODE="NO_AUTO_VALUE_ON_ZERO";


/*!40101 SET @OLD_CHARACTER_SET_CLIENT=@@CHARACTER_SET_CLIENT */;
/*!40101 SET @OLD_CHARACTER_SET_RESULTS=@@CHARACTER_SET_RESULTS */;
/*!40101 SET @OLD_COLLATION_CONNECTION=@@COLLATION_CONNECTION */;
/*!40101 SET NAMES utf8 */;

--
-- Base de datos: `mariano`
--

-- --------------------------------------------------------

--
-- Estructura de tabla para la tabla `censo`
--

CREATE TABLE IF NOT EXISTS `censo` (
  `edad` int(11) NOT NULL,
  `poblacion` int(11) NOT NULL,
  `varones` int(11) NOT NULL,
  `mujeres` int(11) NOT NULL
) ENGINE=InnoDB DEFAULT CHARSET=latin1;

--
-- Volcar la base de datos para la tabla `censo`
--

INSERT INTO `censo` (`edad`, `poblacion`, `varones`, `mujeres`) VALUES
(0, 685357, 349040, 336317),
(1, 670843, 341082, 329761),
(2, 673512, 342283, 331229),
(3, 648071, 329846, 318225),
(4, 659869, 335721, 324148),
(5, 676130, 343450, 332680),
(6, 678907, 344980, 333927),
(7, 676214, 343350, 332864),
(8, 672139, 341649, 330490),
(9, 677829, 344323, 333506),
(10, 710409, 360737, 349672),
(11, 688510, 350484, 338026),
(12, 689332, 351253, 338079),
(13, 678273, 342560, 335713),
(14, 736922, 374338, 362584),
(15, 718635, 362748, 355887),
(16, 697940, 353088, 344852),
(17, 694855, 350634, 344221),
(18, 713609, 359286, 354323),
(19, 717028, 359305, 357723),
(20, 696027, 349212, 346815),
(21, 650966, 325664, 325302),
(22, 649364, 324165, 325199),
(23, 650536, 323799, 326737),
(24, 653256, 325616, 327640),
(25, 628076, 311955, 316121),
(26, 609056, 302205, 306851),
(27, 610980, 303535, 307445),
(28, 649280, 321564, 327716),
(29, 633117, 312847, 320270),
(30, 664570, 328197, 336373),
(31, 634000, 312003, 321997),
(32, 616677, 302446, 314231),
(33, 610387, 299524, 310863),
(34, 573079, 281172, 291907),
(35, 576593, 282604, 293989),
(36, 536729, 262693, 274036),
(37, 529399, 259598, 269801),
(38, 523856, 256537, 267319),
(39, 511858, 250096, 261762),
(40, 509542, 248912, 260630),
(41, 466858, 228038, 238820),
(42, 457554, 222817, 234737),
(43, 438699, 213101, 225598),
(44, 438122, 213019, 225103),
(45, 453580, 220704, 232876),
(46, 443309, 215428, 227881),
(47, 443939, 215468, 228471),
(48, 434813, 211989, 222824),
(49, 420709, 203879, 216830),
(50, 438777, 212341, 226436),
(51, 404040, 194858, 209182),
(52, 401453, 194065, 207388),
(53, 402606, 194635, 207971),
(54, 396117, 190297, 205820),
(55, 391843, 187643, 204200),
(56, 378645, 181432, 197213),
(57, 373770, 178927, 194843),
(58, 367382, 175414, 191968),
(59, 357310, 170154, 187156),
(60, 368254, 173319, 194935),
(61, 326611, 154790, 171821),
(62, 322889, 151211, 171678),
(63, 308794, 144736, 164058),
(64, 294642, 136858, 157784),
(65, 300258, 138149, 162109),
(66, 267996, 122707, 145289),
(67, 254993, 115871, 139122),
(68, 241580, 109009, 132571),
(69, 228234, 102833, 125401),
(70, 240495, 105949, 134546),
(71, 207883, 91197, 116686),
(72, 196282, 84638, 111644),
(73, 188940, 80445, 108495),
(74, 182297, 76209, 106088),
(75, 181313, 75096, 106217),
(76, 161293, 65769, 95524),
(77, 156639, 62633, 94006),
(78, 155923, 61294, 94629),
(79, 146491, 56689, 89802),
(80, 143485, 52487, 90998),
(81, 121043, 44177, 76866),
(82, 111633, 39776, 71857),
(83, 99919, 34268, 65651),
(84, 89836, 30036, 59800),
(85, 80459, 26288, 54171),
(86, 69234, 22142, 47092),
(87, 59122, 18264, 40858),
(88, 49366, 14594, 34772),
(89, 40156, 11560, 28596),
(90, 34507, 9348, 25159),
(91, 23850, 6256, 17594),
(92, 18664, 4704, 13960),
(93, 14525, 3546, 10979),
(94, 11262, 2720, 8542),
(95, 8298, 1717, 6581),
(96, 6086, 1293, 4793),
(97, 4308, 814, 3494),
(98, 2917, 549, 2368),
(99, 1874, 331, 1543),
(100, 3487, 784, 2703);

-- --------------------------------------------------------

--
-- Estructura de tabla para la tabla `compu`
--

CREATE TABLE IF NOT EXISTS `compu` (
  `edad` varchar(10) NOT NULL,
  `totalsi` int(11) NOT NULL,
  `totalno` int(11) NOT NULL,
  `totalvasi` int(11) NOT NULL,
  `totalvano` int(11) NOT NULL,
  `totalmusi` int(11) NOT NULL,
  `totalmuno` int(11) NOT NULL
) ENGINE=InnoDB DEFAULT CHARSET=latin1;

--
-- Volcar la base de datos para la tabla `compu`
--

INSERT INTO `compu` (`edad`, `totalsi`, `totalno`, `totalvasi`, `totalvano`, `totalmusi`, `totalmuno`) VALUES
('3-5', 702305, 1277626, 369657, 637302, 332648, 640324),
('6', 360475, 316953, 187160, 157075, 173315, 159878),
('7', 396973, 277581, 205135, 137401, 191838, 140180),
('8', 417753, 252719, 215155, 125660, 202598, 127059),
('9', 449158, 226823, 230846, 112547, 218312, 114276),
('10', 488919, 219219, 250585, 108917, 238334, 110302),
('11', 492114, 193673, 252715, 96319, 239399, 97354),
('12', 508021, 178305, 260349, 89398, 247672, 88907),
('13', 511941, 163262, 259569, 81381, 252372, 81881),
('14', 555604, 177984, 283033, 89540, 272571, 88444),
('15-19', 2636572, 878473, 1323667, 445661, 1312905, 432812),
('20-24', 2284296, 972677, 1132000, 485067, 1152296, 487610),
('25-29', 2007752, 1079039, 982886, 537654, 1024866, 541385),
('30-34', 1891569, 1169077, 915752, 581260, 975817, 587817),
('35-39', 1541570, 1107208, 747586, 544081, 793984, 563127),
('40-49', 2275137, 2186816, 1104533, 1060296, 1170604, 1126520),
('50-59', 1510954, 2360484, 721917, 1135026, 789037, 1225458),
('60-69', 744191, 2133544, 358158, 972224, 386033, 1161320),
('70-79', 233212, 1546187, 116822, 626629, 116390, 919558),
('80 y mas', 49449, 882534, 25071, 286544, 24378, 595990);

-- --------------------------------------------------------

--
-- Estructura de tabla para la tabla `empleado`
--

CREATE TABLE IF NOT EXISTS `empleado` (
  `idempleado` int(11) NOT NULL AUTO_INCREMENT,
  `nombres` varchar(32) NOT NULL,
  `departamento` varchar(40) NOT NULL,
  `sueldo` double NOT NULL,
  PRIMARY KEY (`idempleado`)
) ENGINE=InnoDB  DEFAULT CHARSET=latin1 AUTO_INCREMENT=5 ;

--
-- Volcar la base de datos para la tabla `empleado`
--

INSERT INTO `empleado` (`idempleado`, `nombres`, `departamento`, `sueldo`) VALUES
(1, 'marian', 'italia', 0),
(2, 'nati', 'francia ', 0),
(3, 'otros1', 'argentina', 0),
(4, 'otro2', 'brasil', 0);

-- --------------------------------------------------------

--
-- Estructura de tabla para la tabla `encuesta`
--

CREATE TABLE IF NOT EXISTS `encuesta` (
  `id` int(11) NOT NULL AUTO_INCREMENT,
  `sexo` varchar(50) NOT NULL,
  `edad` varchar(50) NOT NULL,
  `educacion` varchar(50) NOT NULL,
  `tiempo_inicio_uso` varchar(50) NOT NULL,
  `frecuencia_uso` varchar(50) NOT NULL,
  `red_social` varchar(50) NOT NULL,
  `tiempo_uso` varchar(50) NOT NULL,
  `dispositivo` varchar(50) NOT NULL,
  `uso_trabajo` varchar(50) NOT NULL,
  `porque_no` varchar(50) NOT NULL,
  `uso1` int(11) NOT NULL,
  `uso2` int(11) NOT NULL,
  `uso3` int(11) NOT NULL,
  `uso4` int(11) NOT NULL,
  `uso5` int(11) NOT NULL,
  `uso6` int(11) NOT NULL,
  `uso7` int(11) NOT NULL,
  `uso8` int(11) NOT NULL,
  `uso9` int(11) NOT NULL,
  `uso10` int(11) NOT NULL,
  `uso11` int(11) NOT NULL,
  `uso12` int(11) NOT NULL,
  `uso13` int(11) NOT NULL,
  `uso14` int(11) NOT NULL,
  `uso15` int(11) NOT NULL,
  `uso16` int(11) NOT NULL,
  `uso17` int(11) NOT NULL,
  `uso18` int(11) NOT NULL,
  `uso19` int(11) NOT NULL,
  `uso20` int(11) NOT NULL,
  `uso21` int(11) NOT NULL,
  `total_satisfaccion` int(11) NOT NULL,
  PRIMARY KEY (`id`)
) ENGINE=InnoDB DEFAULT CHARSET=latin1 AUTO_INCREMENT=1 ;

--
-- Volcar la base de datos para la tabla `encuesta`
--


-- --------------------------------------------------------

--
-- Estructura de tabla para la tabla `film`
--

CREATE TABLE IF NOT EXISTS `film` (
  `film_id` smallint(5) unsigned NOT NULL AUTO_INCREMENT,
  `title` varchar(255) CHARACTER SET utf8 NOT NULL,
  `description` text CHARACTER SET utf8,
  `carac` varchar(80) CHARACTER SET utf8 NOT NULL,
  `precc` decimal(4,2) NOT NULL,
  `last_update` timestamp NOT NULL DEFAULT CURRENT_TIMESTAMP ON UPDATE CURRENT_TIMESTAMP,
  PRIMARY KEY (`film_id`)
) ENGINE=InnoDB  DEFAULT CHARSET=latin1 AUTO_INCREMENT=8 ;

--
-- Volcar la base de datos para la tabla `film`
--

INSERT INTO `film` (`film_id`, `title`, `description`, `carac`, `precc`, `last_update`) VALUES
(1, 'uyguyguyg', 'uyguyguyguyg', 'uyguyguyg', '12.00', '2012-01-10 11:30:44'),
(2, 'pokp', 'kpokkpopok', 'pokpok', '99.99', '2012-01-10 11:46:44'),
(3, 'iuhih', 'iuhiuhi', 'huiuhiu', '99.99', '2012-01-10 11:50:29'),
(4, '43w43w', '43w43w43w', '43w43w', '99.99', '2012-01-10 11:50:43'),
(5, 'mariano', 'marianooooooooooooooooooooooooooooooooooooo', 'marianoooo', '22.50', '2012-01-10 11:51:23'),
(6, 'uygu', 'guyguygu', 'yguyguyg', '21.00', '2012-01-10 12:18:18'),
(7, 'hj', 'hguyguyg', 'uyguyg', '2.00', '2012-04-08 14:14:19');

-- --------------------------------------------------------

--
-- Estructura de tabla para la tabla `libro`
--

CREATE TABLE IF NOT EXISTS `libro` (
  `id` int(11) NOT NULL AUTO_INCREMENT,
  `nombre` varchar(30) NOT NULL,
  `email` varchar(30) NOT NULL,
  `mensaje` text NOT NULL,
  PRIMARY KEY (`id`)
) ENGINE=MyISAM  DEFAULT CHARSET=latin1 AUTO_INCREMENT=17 ;

--
-- Volcar la base de datos para la tabla `libro`
--

INSERT INTO `libro` (`id`, `nombre`, `email`, `mensaje`) VALUES
(1, 'mariano', 'marianoferle@gmail.com', 'hola, llegooooooo?\r\n'),
(2, 'mariano2', 'marianoferle@gmail.com', 'hola 2...'),
(3, 'mariano3', 'marianoferle@gmail.com', 'hola 3...\r\n'),
(4, 'mariano4', 'marianoferle@gmail.com', 'hola, 4...');

-- --------------------------------------------------------

--
-- Estructura de tabla para la tabla `multi2_user`
--

CREATE TABLE IF NOT EXISTS `multi2_user` (
  `id` int(11) NOT NULL AUTO_INCREMENT,
  `user` varchar(20) NOT NULL,
  `pass` varchar(20) NOT NULL,
  `email` varchar(30) NOT NULL,
  `sexo` int(11) NOT NULL,
  `lit1` int(2) NOT NULL,
  `lit2` int(11) NOT NULL,
  `lit3` int(11) NOT NULL,
  `lit4` int(11) NOT NULL,
  `lit5` int(11) NOT NULL,
  `lit6` int(11) NOT NULL,
  `lit7` int(11) NOT NULL,
  `lit8` int(11) NOT NULL,
  `lit9` int(11) NOT NULL,
  `lit10` int(11) NOT NULL,
  `lit11` int(11) NOT NULL,
  `lit12` int(11) NOT NULL,
  `lit13` int(11) NOT NULL,
  `edad` int(2) NOT NULL,
  `sexo_gusto` int(3) NOT NULL,
  `pareja` int(2) NOT NULL,
  `locacion` varchar(50) NOT NULL,
  PRIMARY KEY (`id`)
) ENGINE=MyISAM  DEFAULT CHARSET=latin1 AUTO_INCREMENT=12 ;

--
-- Volcar la base de datos para la tabla `multi2_user`
--

INSERT INTO `multi2_user` (`id`, `user`, `pass`, `email`, `sexo`, `lit1`, `lit2`, `lit3`, `lit4`, `lit5`, `lit6`, `lit7`, `lit8`, `lit9`, `lit10`, `lit11`, `lit12`, `lit13`, `edad`, `sexo_gusto`, `pareja`, `locacion`) VALUES
(1, 'm1', 'm1', 'm1', 1, 1, 1, 1, 1, 1, 1, 0, 1, 1, 0, 1, 1, 1, 25, 1, 1, 'Argentina'),
(2, 'm2', 'm2', 'm2', 2, 1, 0, 0, 0, 1, 0, 1, 0, 1, 0, 1, 0, 1, 22, 2, 0, 'Brasil'),
(3, 'm3', 'm3', 'm3', 1, 1, 0, 0, 1, 0, 0, 1, 0, 1, 0, 1, 0, 0, 56, 3, 1, 'Chile'),
(4, 'm4', 'm4', 'm4', 2, 0, 0, 1, 0, 0, 1, 1, 0, 0, 0, 0, 0, 0, 66, 1, 0, 'buenos'),
(5, 'm5', 'm5', 'm5', 1, 1, 0, 0, 1, 1, 1, 0, 0, 0, 0, 1, 0, 1, 88, 3, 1, 'Argentina'),
(6, 'mariano', 'mariano', 'marianoo', 1, 1, 0, 1, 1, 0, 0, 1, 0, 0, 1, 0, 0, 1, 25, 1, 1, 'Argentina'),
(7, 'alejandro', 'alejandro', 'alejandro', 1, 0, 1, 1, 1, 1, 0, 0, 0, 0, 0, 0, 0, 0, 28, 1, 0, 'Argentina'),
(8, 'm6', 'm6', 'm6', 2, 1, 0, 0, 0, 1, 0, 1, 1, 1, 0, 1, 1, 1, 54, 1, 1, 'Brasil'),
(9, 'ale', 'ale', 'ale', 1, 1, 0, 1, 1, 1, 0, 1, 0, 1, 1, 1, 0, 1, 30, 2, 1, 'Colombia'),
(10, 'aleale', 'aleale', 'dsdfdfddf', 1, 1, 0, 1, 0, 1, 0, 0, 0, 0, 0, 1, 0, 1, 27, 1, 0, 'Argentina'),
(11, 'm7', 'm7', 'm7', 2, 1, 1, 0, 1, 0, 0, 0, 0, 1, 0, 1, 1, 1, 44, 1, 1, 'Argentina');

-- --------------------------------------------------------

--
-- Estructura de tabla para la tabla `pages`
--

CREATE TABLE IF NOT EXISTS `pages` (
  `id` int(11) NOT NULL AUTO_INCREMENT,
  `subject_id` int(11) NOT NULL,
  `menu_name` varchar(30) CHARACTER SET utf8 NOT NULL,
  `position` int(3) NOT NULL,
  `visible` tinyint(1) NOT NULL,
  `content` text CHARACTER SET utf8,
  `content2` varchar(50) CHARACTER SET utf8 NOT NULL,
  `time` timestamp NOT NULL DEFAULT CURRENT_TIMESTAMP ON UPDATE CURRENT_TIMESTAMP,
  PRIMARY KEY (`id`)
) ENGINE=MyISAM  DEFAULT CHARSET=latin1 AUTO_INCREMENT=15 ;

--
-- Volcar la base de datos para la tabla `pages`
--

INSERT INTO `pages` (`id`, `subject_id`, `menu_name`, `position`, `visible`, `content`, `content2`, `time`) VALUES
(1, 1, 'diseño web2', 3, 2, 'Por tercer año consecutivo, Tucumán participó de la feria Asia Fruit Logística, el evento que reúne a las principales firmas productoras y comercializadoras de frutas frescas y hortalizas de Asia. Tucumán estuvho representada por cinco empresas del sector citrícola.\r\nd\r\nPor tercer año consecutivo, Tucumán participó de la feria Asia Fruit Logística, el evento que reúne a las principales firmas productoras y comercializadoras de frutas frescas y hortalizas de Asia. Tucumán ekstuvo representada por cinco empresas del sector citrícola.\r\n\r\nPor tercer año consecutivo, tTucumán participó de la feria Asia Fruit Logística, el evento que reúne a las principales firmas productoras y comercializadoras de frutas frescas y hortalizas de Asia. Tucumán estuvo representada por cinco empresas del sector citrícola.\r\n\r\nPor tercer año consecutivo, Tucumán participó de la feria Asia Fruit Logística, el evento que reúne a las principales firmas productoras y comercializadoras de frutas frescas y hortalizas de Asia. Tucumán estuvo representada por cinco empresas del sector citrícola.', 'uyyyyyyyyyyyyyyyyyyyyyjjjjjjhhhhhhhhhhhhhhhhhhh', '2012-03-29 20:09:38'),
(2, 1, 'diseño grafico', 2, 2, 'Hola, Diseño Grafico...\r\n\r\nPor tercer año consecutivo, Tucumán participó de la feria Asia Fruit Logística, el evento que reúne a las principales firmas productoras y comercializadoras de frutas frescas y hortalizas de Asia. Tucumán estuvo representada por cinco empresas del sector citrícola.\r\n\r\nPor tercer año consecutivo, Tucumán participó de la feria Asia Fruit Logística, el evento que reúne a las principales firmas productoras y comercializadoras de frutas frescas y hortalizas de Asia. Tucumán estuvo representada por cinco empresas del sector citrícola.\r\n\r\nPor tercer año consecutivo, Tucumán participó de la feria Asia Fruit Logística, el evento que reúne a las principales firmas productoras y comercializadoras de frutas frescas y hortalizas de Asia. Tucumán estuvo representada por cinco empresas del sector citrícola.', 'eeeeeeeeeeggggggggggennnnnnnnnnsssssssssssssssssss', '2012-04-21 14:21:07'),
(3, 2, 'troijoij', 1, 2, 'tdtdoijoijoijoijrtrd', 'hjgjg', '2012-03-29 18:28:39'),
(4, 2, 'oijoijoij', 2, 2, 'oijoijoji', 'jhgjhgjhg', '2012-03-29 20:08:52'),
(5, 3, 'iuhiuhiuh', 1, 2, 'iooijijooij', 'hghgfv', '2012-03-29 18:28:13'),
(6, 3, 'oijoijoij', 3, 2, 'oijoijoj', 'hghgfghf', '2012-03-29 19:14:10'),
(7, 4, 'producto', 1, 2, 'pokpokuhihuh', 'uhkuhuhhhuhoiuhi', '2012-03-29 23:49:48'),
(8, 4, 'uyguyg', 3, 2, 'uyguygih', 'hhuh', '2012-03-29 19:13:41'),
(9, 4, 'uyguyg', 2, 2, 'ygguyguyg', 'yutuytyutuyt', '2012-03-29 19:13:50'),
(10, 3, 'uguyguyg', 2, 2, 'ugugyguyg', 'yguyguyg', '2012-03-29 19:14:19'),
(11, 1, 'nuevo..', 2, 2, 'Ciertamente, gran parte de nuestros proyectos no sólo dependen de JavaScript para cosas como la validación o peticiones AJAX. ¿Qué sucede cuando JavaScript está desactivado? Por esta razón, una técnica común es detectar si una petición se ha hecho, con nuestro lenguaje de servidor favorito.\r\n<br/><br/>\r\nhola\r\n<br/><br/>\r\nhola\r\n<br/><br/>\r\nhola\r\n<br/><br/>\r\n\r\njQuery lo hace muy fácil, definiendo una cabecera dentro del método $.ajax.\r\n<br/><br/>\r\n// Define una cabecera para que el script llamado sepa que es un XMLHttpRequest\r\n// Sólo envía la cabecerá si no es un XHR remoto\r\nif ( !remote ) {\r\nxhr.setRequestHeader("X-Requested-With", "XMLHttpRequest");\r\n}jQuery nos ofrece una variedad de selectores y hace un buen trabajo al optimizarlos; tanto, que por lo general, no hay necesidad de preocuparse por ellos. Sin embargo, hay un puñado de cosas que podemos hacer para mejorar el rendimiento de nuestros scripts.\r\n\r\nUna de ellas es utilizar el método find(), tanto como sea posible. La clave esta en no forzar a que jQuery a utilizar su motor  Sizzle, si no es necesario. Desde luego, habrá momentos en que esto no sea posible y está bien; pero, si no se requiere de la sobrecarga adicional, no hay porque buscarla.\r\n<br/><br/>\r\njQuery nos ofrece una variedad de selectores y hace un buen trabajo al optimizarlos; tanto, que por lo general, no hay necesidad de preocuparse por ellos. Sin embargo, hay un puñado de cosas que podemos hacer para mejorar el rendimiento de nuestros scripts.\r\n<br/><br/>\r\nUna de ellas es utilizar el método find(), tanto como sea posible. La clave esta en no forzar a que jQuery a utilizar su motor  Sizzle, si no es necesario. Desde luego, habrá momentos en que esto no sea posible y está bien; pero, si no se requiere de la sobrecarga adicional, no hay porque buscarla.', 'Ciertamente, gran parte de nuestros proyectos no s', '2012-03-29 20:46:56');

-- --------------------------------------------------------

--
-- Estructura de tabla para la tabla `poblacion`
--

CREATE TABLE IF NOT EXISTS `poblacion` (
  `id` int(11) NOT NULL AUTO_INCREMENT,
  `provincia` varchar(50) DEFAULT NULL,
  `cantidad` int(11) DEFAULT NULL,
  `superficie` int(11) DEFAULT NULL,
  `densidad` float NOT NULL,
  `alfabetos` int(11) NOT NULL,
  `analfabetos` int(11) NOT NULL,
  `viviendas` int(11) NOT NULL,
  `cobertura` int(11) NOT NULL,
  `nocobertura` int(11) NOT NULL,
  `total10mas` int(11) NOT NULL,
  PRIMARY KEY (`id`),
  KEY `viviendas` (`viviendas`)
) ENGINE=InnoDB  DEFAULT CHARSET=latin1 AUTO_INCREMENT=25 ;

--
-- Volcar la base de datos para la tabla `poblacion`
--

INSERT INTO `poblacion` (`id`, `provincia`, `cantidad`, `superficie`, `densidad`, `alfabetos`, `analfabetos`, `viviendas`, `cobertura`, `nocobertura`, `total10mas`) VALUES
(1, 'Capital Federal', 2890151, 200, 14450.8, 2555738, 12403, 1425840, 533910, 2296906, 2568141),
(2, 'Buenos Aires', 15625084, 307571, 50.8, 12865686, 179008, 5383536, 2344998, 13137753, 13044694),
(3, 'Catamarca', 367828, 102602, 3.6, 293153, 6036, 114019, 51987, 310320, 299189),
(4, 'Chaco', 1055259, 99633, 10.6, 806020, 46732, 312972, 157149, 890887, 852752),
(5, 'Chubut', 509108, 224686, 2.3, 411823, 8314, 178845, 56473, 441670, 420137),
(6, 'Cordoba', 3308876, 165321, 20, 2739946, 40785, 1235956, 520559, 2735962, 2780731),
(7, 'Corrientes', 992595, 88199, 11.3, 771948, 34492, 293237, 148113, 837017, 806440),
(8, 'Entre Rios', 1235994, 78781, 15.7, 1005361, 21904, 426366, 204716, 1018915, 1027265),
(9, 'Formosa', 530162, 72066, 7.4, 407948, 17396, 154694, 81851, 445172, 425344),
(10, 'Jujuy', 673307, 53219, 12.7, 531384, 17188, 196286, 84558, 582294, 548572),
(11, 'La Pampa', 318951, 143440, 2.2, 261887, 5032, 133529, 52126, 262984, 266919),
(12, 'La Rioja', 333642, 89680, 3.7, 268449, 4997, 109182, 43538, 288136, 273446),
(13, 'Mendoza', 1738929, 148827, 11.7, 1411960, 31530, 539271, 251964, 1469321, 1443490),
(14, 'Misiones', 1101593, 29801, 37, 835783, 35772, 330631, 144841, 946477, 871555),
(15, 'Neuquen', 551266, 94078, 5.9, 444609, 10459, 194613, 59390, 482426, 455068),
(16, 'Rio Negro', 638645, 203013, 3.1, 518307, 13080, 237387, 80156, 546610, 531387),
(17, 'Salta', 1214441, 155488, 7.8, 938009, 30367, 315941, 157168, 1045586, 968376),
(18, 'San Juan', 681055, 89651, 7.6, 538225, 11493, 188946, 97885, 575412, 549718),
(19, 'San luis', 432310, 76748, 5.6, 347388, 6512, 142361, 56969, 371437, 353900),
(20, 'Santa Cruz', 273964, 243943, 1.1, 219320, 2504, 94434, 24532, 237461, 221824),
(21, 'Santa Fe', 3194537, 133007, 24, 2656886, 48095, 1145270, 527684, 2636354, 2704981),
(22, 'Santiago del Estero', 874006, 136351, 6.4, 668946, 27870, 242427, 129743, 738036, 696816),
(23, 'Tucuman', 1448188, 22524, 64.3, 1154200, 29154, 396429, 211285, 1229283, 1183354),
(24, 'Tierra del Fuego - Antartida e islas del atlantico', 127205, 987168, 0.1, 103421, 705, 43579, 9126, 113991, 104126);

-- --------------------------------------------------------

--
-- Estructura de tabla para la tabla `pos`
--

CREATE TABLE IF NOT EXISTS `pos` (
  `id` int(11) NOT NULL AUTO_INCREMENT,
  `posX` int(11) NOT NULL,
  `posY` int(11) NOT NULL,
  `px` int(11) NOT NULL,
  `py` int(11) NOT NULL,
  `c` text NOT NULL,
  `cc` text NOT NULL,
  `a` int(11) NOT NULL,
  `d` int(11) NOT NULL,
  `tam` int(11) NOT NULL,
  `pincel` tinyint(1) NOT NULL,
  `aerosol` tinyint(1) NOT NULL,
  `paint` tinyint(1) NOT NULL,
  `tam2` int(11) NOT NULL,
  `rann` int(11) NOT NULL,
  PRIMARY KEY (`id`)
) ENGINE=InnoDB  DEFAULT CHARSET=latin1 AUTO_INCREMENT=3161 ;

--
-- Volcar la base de datos para la tabla `pos`
--

INSERT INTO `pos` (`id`, `posX`, `posY`, `px`, `py`, `c`, `cc`, `a`, `d`, `tam`, `pincel`, `aerosol`, `paint`, `tam2`, `rann`) VALUES
(2619, 677, 205, 682, 201, '0', '0', 360, 20, 1, 1, 0, 0, 10, 0),
(2620, 668, 207, 677, 205, '0', '0', 360, 20, 1, 1, 0, 0, 10, 4),
(2621, 537, 210, 668, 207, '0', '0', 360, 20, 1, 1, 0, 0, 10, 3),
(2622, 430, 149, 537, 210, '0', '0', 360, 20, 1, 1, 0, 0, 10, 2),
(2623, 424, 93, 430, 149, '0', '0', 360, 20, 1, 1, 0, 0, 10, 1),
(2624, 432, 77, 424, 93, '0', '0', 360, 20, 1, 1, 0, 0, 10, 2),
(2625, 468, 59, 432, 77, '0', '0', 360, 20, 1, 1, 0, 0, 10, 1),
(2626, 531, 57, 468, 59, '0', '0', 360, 20, 1, 1, 0, 0, 10, 3),
(2627, 572, 74, 531, 57, '0', '0', 360, 20, 1, 1, 0, 0, 10, 4),
(2628, 631, 117, 572, 74, '0', '0', 360, 20, 1, 1, 0, 0, 10, 2),
(2629, 658, 172, 631, 117, '0', '0', 360, 20, 1, 1, 0, 0, 10, 3),
(2630, 654, 244, 658, 172, '0', '0', 360, 20, 1, 1, 0, 0, 10, 2),
(2631, 628, 311, 654, 244, '0', '0', 360, 20, 1, 1, 0, 0, 10, 1),
(2632, 612, 340, 628, 311, '0', '0', 360, 20, 1, 1, 0, 0, 10, 3),
(2633, 592, 369, 612, 340, '0', '0', 360, 20, 1, 1, 0, 0, 10, 3),
(2634, 545, 390, 592, 369, '0', '0', 360, 20, 1, 1, 0, 0, 10, 3),
(2635, 495, 391, 545, 390, '0', '0', 360, 20, 1, 1, 0, 0, 10, 1),
(2636, 434, 380, 495, 391, '0', '0', 360, 20, 1, 1, 0, 0, 10, 4),
(2637, 365, 352, 434, 380, '0', '0', 360, 20, 1, 1, 0, 0, 10, 1),
(2638, 311, 318, 365, 352, '0', '0', 360, 20, 1, 1, 0, 0, 10, 2),
(2639, 245, 301, 311, 318, '0', '0', 360, 20, 1, 1, 0, 0, 10, 3),
(2640, 191, 302, 245, 301, '0', '0', 360, 20, 1, 1, 0, 0, 10, 4),
(2641, 149, 329, 191, 302, '0', '0', 360, 20, 1, 1, 0, 0, 10, 1),
(2642, 138, 346, 149, 329, '0', '0', 360, 20, 1, 1, 0, 0, 10, 0),
(2643, 123, 378, 138, 346, '0', '0', 360, 20, 1, 1, 0, 0, 10, 3),
(2644, 30, 585, 31, 585, '0', '0', 360, 20, 1, 1, 0, 0, 10, 1),
(2645, 28, 585, 30, 585, '0', '0', 360, 20, 1, 1, 0, 0, 10, 4),
(2646, 27, 586, 28, 585, '0', '0', 360, 20, 1, 1, 0, 0, 10, 2),
(2647, 220, 281, 194, 300, '0', '0', 360, 20, 1, 1, 0, 0, 10, 4),
(2648, 249, 258, 220, 281, '0', '0', 360, 20, 1, 1, 0, 0, 10, 3),
(2649, 503, 130, 249, 258, '0', '0', 360, 20, 1, 1, 0, 0, 10, 0),
(2650, 587, 128, 503, 130, '0', '0', 360, 20, 1, 1, 0, 0, 10, 2),
(2651, 620, 158, 587, 128, '0', '0', 360, 20, 1, 1, 0, 0, 10, 1),
(2652, 621, 195, 620, 158, '0', '0', 360, 20, 1, 1, 0, 0, 10, 3),
(2653, 583, 332, 621, 195, '0', '0', 360, 20, 1, 1, 0, 0, 10, 4),
(2654, 536, 382, 583, 332, '0', '0', 360, 20, 1, 1, 0, 0, 10, 4),
(2655, 457, 393, 536, 382, '0', '0', 360, 20, 1, 1, 0, 0, 10, 3),
(2656, 384, 357, 457, 393, '0', '0', 360, 20, 1, 1, 0, 0, 10, 2),
(2657, 347, 296, 384, 357, '0', '0', 360, 20, 1, 1, 0, 0, 10, 3),
(2658, 317, 234, 347, 296, '0', '0', 360, 20, 1, 1, 0, 0, 10, 4),
(2659, 294, 199, 317, 234, '0', '0', 360, 20, 1, 1, 0, 0, 10, 2),
(2660, 270, 181, 294, 199, '0', '0', 360, 20, 1, 1, 0, 0, 10, 1),
(2661, 248, 168, 270, 181, '0', '0', 360, 20, 1, 1, 0, 0, 10, 2),
(2662, 239, 165, 248, 168, '0', '0', 360, 20, 1, 1, 0, 0, 10, 1),
(2663, 52, 587, 53, 589, '0', '0', 360, 20, 1, 1, 0, 0, 10, 1),
(2664, 221, 371, 192, 396, '0', '0', 360, 20, 1, 0, 1, 0, 10, 1),
(2665, 246, 354, 221, 371, '0', '0', 360, 20, 1, 0, 1, 0, 10, 2),
(2666, 521, 277, 246, 354, '0', '0', 360, 20, 1, 0, 1, 0, 10, 2),
(2667, 577, 309, 521, 277, '0', '0', 360, 20, 1, 0, 1, 0, 10, 3),
(2668, 571, 374, 577, 309, '0', '0', 360, 20, 1, 0, 1, 0, 10, 2),
(2669, 543, 422, 571, 374, '0', '0', 360, 20, 1, 0, 1, 0, 10, 2),
(2670, 490, 461, 543, 422, '0', '0', 360, 20, 1, 0, 1, 0, 10, 1),
(2671, 422, 475, 490, 461, '0', '0', 360, 20, 1, 0, 1, 0, 10, 0),
(2672, 356, 463, 422, 475, '0', '0', 360, 20, 1, 0, 1, 0, 10, 4),
(2673, 320, 424, 356, 463, '0', '0', 360, 20, 1, 0, 1, 0, 10, 0),
(2674, 255, 326, 320, 424, '0', '0', 360, 20, 1, 0, 1, 0, 10, 3),
(2675, 225, 272, 255, 326, '0', '0', 360, 20, 1, 0, 1, 0, 10, 2),
(2676, 187, 247, 225, 272, '0', '0', 360, 20, 1, 0, 1, 0, 10, 1),
(2677, 145, 229, 187, 247, '0', '0', 360, 20, 1, 0, 1, 0, 10, 4),
(2678, 103, 216, 145, 229, '0', '0', 360, 20, 1, 0, 1, 0, 10, 2),
(2679, 98, 222, 103, 216, '0', '0', 360, 20, 1, 0, 1, 0, 10, 3),
(2680, 84, 303, 98, 222, '0', '0', 360, 20, 1, 0, 1, 0, 10, 3),
(2681, 84, 351, 84, 303, '0', '0', 360, 20, 1, 0, 1, 0, 10, 4),
(2682, 93, 376, 84, 351, '0', '0', 360, 20, 1, 0, 1, 0, 10, 2),
(2683, 138, 386, 93, 376, '0', '0', 360, 20, 1, 0, 1, 0, 10, 3),
(2684, 192, 374, 138, 386, '0', '0', 360, 20, 1, 0, 1, 0, 10, 2),
(2685, 267, 302, 192, 374, '0', '0', 360, 20, 1, 0, 1, 0, 10, 4),
(2686, 432, 114, 267, 302, '0', '0', 360, 20, 1, 0, 1, 0, 10, 0),
(2687, 501, 68, 432, 114, '0', '0', 360, 20, 1, 0, 1, 0, 10, 2),
(2688, 533, 69, 501, 68, '0', '0', 360, 20, 1, 0, 1, 0, 10, 4),
(2689, 558, 162, 533, 69, '0', '0', 360, 20, 1, 0, 1, 0, 10, 3),
(2690, 523, 309, 558, 162, '0', '0', 360, 20, 1, 0, 1, 0, 10, 4),
(2691, 280, 358, 523, 309, '0', '0', 360, 20, 1, 0, 1, 0, 10, 2),
(2692, 265, 309, 280, 358, '0', '0', 360, 20, 1, 0, 1, 0, 10, 1),
(2693, 331, 225, 265, 309, '0', '0', 360, 20, 1, 0, 1, 0, 10, 1),
(2694, 578, 171, 331, 225, '0', '0', 360, 20, 1, 0, 1, 0, 10, 1),
(2695, 723, 268, 578, 171, '0', '0', 360, 20, 1, 0, 1, 0, 10, 2),
(2696, 640, 355, 723, 268, '0', '0', 360, 20, 1, 0, 1, 0, 10, 2),
(2697, 484, 332, 640, 355, '0', '0', 360, 20, 1, 0, 1, 0, 10, 0),
(2698, 280, 210, 484, 332, '0', '0', 360, 20, 1, 0, 1, 0, 10, 1),
(2699, 356, 130, 280, 210, '0', '0', 360, 20, 1, 0, 1, 0, 10, 3),
(2700, 531, 122, 356, 130, '0', '0', 360, 20, 1, 0, 1, 0, 10, 2),
(2701, 644, 231, 531, 122, '0', '0', 360, 20, 1, 0, 1, 0, 10, 2),
(2702, 680, 443, 644, 231, '0', '0', 360, 20, 1, 0, 1, 0, 10, 1),
(2703, 643, 466, 680, 443, '0', '0', 360, 20, 1, 0, 1, 0, 10, 3),
(2704, 453, 392, 643, 466, '0', '0', 360, 20, 1, 0, 1, 0, 10, 1),
(2705, 374, 317, 453, 392, '0', '0', 360, 20, 1, 0, 1, 0, 10, 3),
(2706, 420, 306, 374, 317, '0', '0', 360, 20, 1, 0, 1, 0, 10, 3),
(2707, 427, 302, 420, 306, '0', '0', 360, 20, 1, 0, 1, 0, 10, 1),
(2708, 737, 442, 738, 442, '0', '0', 360, 20, 1, 0, 1, 0, 10, 0),
(2709, 735, 447, 737, 442, '0', '0', 360, 20, 1, 0, 1, 0, 10, 3),
(2710, 684, 527, 735, 447, '0', '0', 360, 20, 1, 0, 1, 0, 10, 2),
(2711, 603, 571, 684, 527, '0', '0', 360, 20, 1, 0, 1, 0, 10, 4),
(2712, 526, 574, 603, 571, '0', '0', 360, 20, 1, 0, 1, 0, 10, 1),
(2713, 481, 553, 526, 574, '0', '0', 360, 20, 1, 0, 1, 0, 10, 3),
(2714, 451, 527, 481, 553, '0', '0', 360, 20, 1, 0, 1, 0, 10, 0),
(2715, 434, 498, 451, 527, '0', '0', 360, 20, 1, 0, 1, 0, 10, 1),
(2716, 415, 473, 434, 498, '0', '0', 360, 20, 1, 0, 1, 0, 10, 3),
(2717, 372, 405, 415, 473, '0', '0', 360, 20, 1, 0, 1, 0, 10, 0),
(2718, 355, 367, 372, 405, '0', '0', 360, 20, 1, 0, 1, 0, 10, 3),
(2719, 337, 314, 355, 367, '0', '0', 360, 20, 1, 0, 1, 0, 10, 4),
(2720, 324, 268, 337, 314, '0', '0', 360, 20, 1, 0, 1, 0, 10, 2),
(2721, 315, 239, 324, 268, '0', '0', 360, 20, 1, 0, 1, 0, 10, 4),
(2722, 302, 210, 315, 239, '0', '0', 360, 20, 1, 0, 1, 0, 10, 4),
(2723, 290, 188, 302, 210, '0', '0', 360, 20, 1, 0, 1, 0, 10, 0),
(2724, 279, 168, 290, 188, '0', '0', 360, 20, 1, 0, 1, 0, 10, 1),
(2725, 268, 155, 279, 168, '0', '0', 360, 20, 1, 0, 1, 0, 10, 2),
(2726, 238, 134, 268, 155, '0', '0', 360, 20, 1, 0, 1, 0, 10, 0),
(2727, 192, 121, 238, 134, '0', '0', 360, 20, 1, 0, 1, 0, 10, 3),
(2728, 159, 119, 192, 121, '0', '0', 360, 20, 1, 0, 1, 0, 10, 2),
(2729, 138, 119, 159, 119, '0', '0', 360, 20, 1, 0, 1, 0, 10, 4),
(2730, 125, 119, 138, 119, '0', '0', 360, 20, 1, 0, 1, 0, 10, 3),
(2731, 84, 125, 125, 119, '0', '0', 360, 20, 1, 0, 1, 0, 10, 1),
(2732, 39, 138, 84, 125, '0', '0', 360, 20, 1, 0, 1, 0, 10, 2),
(2733, 15, 154, 39, 138, '0', '0', 360, 20, 1, 0, 1, 0, 10, 2),
(2734, 0, 171, 15, 154, '0', '0', 360, 20, 1, 0, 1, 0, 10, 4),
(2735, 0, 193, 0, 171, '0', '0', 360, 20, 1, 0, 1, 0, 10, 4),
(2736, 0, 243, 0, 193, '0', '0', 360, 20, 1, 0, 1, 0, 10, 2),
(2737, 0, 315, 0, 243, '0', '0', 360, 20, 1, 0, 1, 0, 10, 2),
(2738, 14, 408, 0, 315, '0', '0', 360, 20, 1, 0, 1, 0, 10, 0),
(2739, 85, 488, 14, 408, '0', '0', 360, 20, 1, 0, 1, 0, 10, 2),
(2740, 173, 495, 85, 488, '0', '0', 360, 20, 1, 0, 1, 0, 10, 0),
(2741, 242, 401, 173, 495, '0', '0', 360, 20, 1, 0, 1, 0, 10, 3),
(2742, 236, 226, 242, 401, '0', '0', 360, 20, 1, 0, 1, 0, 10, 0),
(2743, 158, 151, 236, 226, '0', '0', 360, 20, 1, 0, 1, 0, 10, 2),
(2744, 36, 112, 158, 151, '0', '0', 360, 20, 1, 0, 1, 0, 10, 2),
(2745, 0, 107, 36, 112, '0', '0', 360, 20, 1, 0, 1, 0, 10, 1),
(2746, 0, 120, 0, 107, '0', '0', 360, 20, 1, 0, 1, 0, 10, 4),
(2747, 0, 192, 0, 120, '0', '0', 360, 20, 1, 0, 1, 0, 10, 2),
(2748, 0, 242, 0, 192, '0', '0', 360, 20, 1, 0, 1, 0, 10, 3),
(2749, 24, 336, 0, 242, '0', '0', 360, 20, 1, 0, 1, 0, 10, 3),
(2750, 62, 383, 24, 336, '0', '0', 360, 20, 1, 0, 1, 0, 10, 2),
(2751, 77, 394, 62, 383, '0', '0', 360, 20, 1, 0, 1, 0, 10, 2),
(2752, 123, 351, 77, 394, '0', '0', 360, 20, 1, 0, 1, 0, 10, 1),
(2753, 261, 183, 123, 351, '0', '0', 360, 20, 1, 0, 1, 0, 10, 4),
(2754, 438, 72, 261, 183, '0', '0', 360, 20, 1, 0, 1, 0, 10, 4),
(2755, 549, 68, 438, 72, '0', '0', 360, 20, 1, 0, 1, 0, 10, 2),
(2756, 683, 113, 549, 68, '0', '0', 360, 20, 1, 0, 1, 0, 10, 2),
(2757, 753, 186, 683, 113, '0', '0', 360, 20, 1, 0, 1, 0, 10, 3),
(2758, 782, 299, 753, 186, '0', '0', 360, 20, 1, 0, 1, 0, 10, 1),
(2759, 750, 402, 782, 299, '0', '0', 360, 20, 1, 0, 1, 0, 10, 1),
(2760, 689, 458, 750, 402, '0', '0', 360, 20, 1, 0, 1, 0, 10, 1),
(2761, 615, 488, 689, 458, '0', '0', 360, 20, 1, 0, 1, 0, 10, 2),
(2762, 504, 491, 615, 488, '0', '0', 360, 20, 1, 0, 1, 0, 10, 2),
(2763, 236, 358, 504, 491, '0', '0', 360, 20, 1, 0, 1, 0, 10, 0),
(2764, 52, 116, 236, 358, '0', '0', 360, 20, 1, 0, 1, 0, 10, 1),
(2765, 226, 13, 226, 15, '-16761601', '0', 360, 20, 1, 0, 1, 0, 10, 4),
(2766, 316, 131, 310, 128, '-16761601', '0', 360, 20, 1, 0, 1, 0, 10, 0),
(2767, 320, 132, 316, 131, '-16761601', '0', 360, 20, 1, 0, 1, 0, 10, 2),
(2768, 611, 203, 320, 132, '-16761601', '0', 360, 20, 1, 0, 1, 0, 10, 1),
(2769, 692, 278, 611, 203, '-16761601', '0', 360, 20, 1, 0, 1, 0, 10, 2),
(2770, 682, 398, 692, 278, '-16761601', '0', 360, 20, 1, 0, 1, 0, 10, 3),
(2771, 630, 505, 682, 398, '-16761601', '0', 360, 20, 1, 0, 1, 0, 10, 1),
(2772, 491, 498, 630, 505, '-16761601', '0', 360, 20, 1, 0, 1, 0, 10, 1),
(2773, 372, 391, 491, 498, '-16761601', '0', 360, 20, 1, 0, 1, 0, 10, 3),
(2774, 286, 199, 372, 391, '-16761601', '0', 360, 20, 1, 0, 1, 0, 10, 0),
(2775, 260, 134, 286, 199, '-16761601', '0', 360, 20, 1, 0, 1, 0, 10, 1),
(2776, 245, 125, 260, 134, '-16761601', '0', 360, 20, 1, 0, 1, 0, 10, 3),
(2777, 185, 117, 245, 125, '-16761601', '0', 360, 20, 1, 0, 1, 0, 10, 0),
(2778, 97, 113, 185, 117, '-16761601', '0', 360, 20, 1, 0, 1, 0, 10, 3),
(2779, 83, 147, 97, 113, '-16761601', '0', 360, 20, 1, 0, 1, 0, 10, 2),
(2780, 55, 310, 83, 147, '-16761601', '0', 360, 20, 1, 0, 1, 0, 10, 1),
(2781, 118, 588, 117, 588, '-16761601', '0', 360, 20, 1, 0, 1, 0, 10, 2),
(2782, 119, 588, 118, 588, '-16761601', '0', 340, 20, 1, 0, 1, 0, 10, 2),
(2783, 124, 593, 119, 588, '-16761601', '0', 320, 20, 1, 0, 1, 0, 10, 2),
(2784, 128, 599, 128, 599, '-16761601', '0', 300, 20, 1, 0, 1, 0, 10, 0),
(2785, 125, 592, 128, 599, '-16761601', '0', 280, 20, 1, 0, 1, 0, 10, 1),
(2786, 123, 592, 125, 592, '-16761601', '0', 260, 20, 1, 0, 1, 0, 10, 0),
(2787, 120, 592, 123, 592, '-16761601', '0', 240, 20, 1, 0, 1, 0, 10, 3),
(2788, 119, 594, 120, 592, '-16761601', '0', 220, 20, 1, 0, 1, 0, 10, 4),
(2789, 118, 595, 119, 594, '-16761601', '0', 200, 20, 1, 0, 1, 0, 10, 1),
(2790, 483, 394, 475, 394, '-16761601', '0', 180, 20, 1, 0, 1, 0, 10, 4),
(2791, 493, 396, 483, 394, '-16761601', '0', 180, 20, 1, 0, 1, 0, 10, 3),
(2792, 559, 549, 493, 396, '-16761601', '0', 180, 20, 1, 0, 1, 0, 10, 0),
(2793, 489, 548, 559, 549, '-16761601', '0', 180, 20, 1, 0, 1, 0, 10, 2),
(2794, 306, 429, 489, 548, '-16761601', '0', 180, 20, 1, 0, 1, 0, 10, 4),
(2795, 287, 316, 306, 429, '-16761601', '0', 180, 20, 1, 0, 1, 0, 10, 4),
(2796, 290, 270, 287, 316, '-16761601', '0', 180, 20, 1, 0, 1, 0, 10, 2),
(2797, 117, 591, 117, 590, '-16761601', '0', 180, 20, 1, 0, 1, 0, 10, 3),
(2798, 117, 590, 117, 591, '-16761601', '0', 160, 20, 1, 0, 1, 0, 10, 4),
(2799, 215, 355, 199, 362, '-16761601', '0', 140, 20, 1, 0, 1, 0, 10, 2),
(2800, 227, 348, 215, 355, '-16761601', '0', 140, 20, 1, 0, 1, 0, 10, 0),
(2801, 538, 390, 227, 348, '-16761601', '0', 140, 20, 1, 0, 1, 0, 10, 3),
(2802, 547, 443, 538, 390, '-16761601', '0', 140, 20, 1, 0, 1, 0, 10, 4),
(2803, 513, 445, 547, 443, '-16761601', '0', 140, 20, 1, 0, 1, 0, 10, 2),
(2804, 403, 332, 513, 445, '-16761601', '0', 140, 20, 1, 0, 1, 0, 10, 4),
(2805, 462, 140, 403, 332, '-16761601', '0', 140, 20, 1, 0, 1, 0, 10, 2),
(2806, 576, 64, 462, 140, '-16761601', '0', 140, 20, 1, 0, 1, 0, 10, 2),
(2807, 691, 88, 576, 64, '-16761601', '0', 140, 20, 1, 0, 1, 0, 10, 4),
(2808, 741, 164, 691, 88, '-16761601', '0', 140, 20, 1, 0, 1, 0, 10, 1),
(2809, 709, 206, 741, 164, '-16761601', '0', 140, 20, 1, 0, 1, 0, 10, 3),
(2810, 623, 216, 709, 206, '-16761601', '0', 140, 20, 1, 0, 1, 0, 10, 3),
(2811, 460, 145, 623, 216, '-16761601', '0', 140, 20, 1, 0, 1, 0, 10, 1),
(2812, 384, 85, 460, 145, '-16761601', '0', 140, 20, 1, 0, 1, 0, 10, 3),
(2813, 271, 86, 384, 85, '-16761601', '0', 140, 20, 1, 0, 1, 0, 10, 0),
(2814, 170, 103, 271, 86, '-16761601', '0', 140, 20, 1, 0, 1, 0, 10, 3),
(2815, 141, 125, 170, 103, '-16761601', '0', 140, 20, 1, 0, 1, 0, 10, 1),
(2816, 98, 280, 141, 125, '-16761601', '0', 140, 20, 1, 0, 1, 0, 10, 0),
(2817, 98, 338, 98, 280, '-16761601', '0', 140, 20, 1, 0, 1, 0, 10, 3),
(2818, 178, 362, 98, 338, '-16761601', '0', 140, 20, 1, 0, 1, 0, 10, 0),
(2819, 240, 342, 178, 362, '-16761601', '0', 140, 20, 1, 0, 1, 0, 10, 0),
(2820, 409, 189, 240, 342, '-16761601', '0', 140, 20, 1, 0, 1, 0, 10, 1),
(2821, 630, 118, 409, 189, '-16761601', '0', 140, 20, 1, 0, 1, 0, 10, 1),
(2822, 691, 193, 630, 118, '-16761601', '0', 140, 20, 1, 0, 1, 0, 10, 0),
(2823, 694, 297, 691, 193, '-16761601', '0', 140, 20, 1, 0, 1, 0, 10, 1),
(2824, 592, 322, 694, 297, '-16761601', '0', 140, 20, 1, 0, 1, 0, 10, 0),
(2825, 344, 182, 592, 322, '-16761601', '0', 140, 20, 1, 0, 1, 0, 10, 0),
(2826, 340, 147, 344, 182, '-16761601', '0', 140, 20, 1, 0, 1, 0, 10, 4),
(2827, 357, 198, 340, 147, '-16761601', '0', 140, 20, 1, 0, 1, 0, 10, 3),
(2828, 362, 267, 357, 198, '-16761601', '0', 140, 20, 1, 0, 1, 0, 10, 2),
(2829, 309, 266, 362, 267, '-16761601', '0', 140, 20, 1, 0, 1, 0, 10, 1),
(2830, 309, 7, 307, 7, '-65319', '0', 140, 20, 1, 0, 1, 0, 10, 4),
(2831, 465, 293, 464, 287, '-65319', '0', 140, 20, 1, 0, 1, 0, 10, 2),
(2832, 465, 295, 465, 293, '-65319', '0', 140, 20, 1, 0, 1, 0, 10, 4),
(2833, 371, 333, 465, 295, '-65319', '0', 140, 20, 1, 0, 1, 0, 10, 4),
(2834, 272, 203, 371, 333, '-65319', '0', 140, 20, 1, 0, 1, 0, 10, 0),
(2835, 362, 103, 272, 203, '-65319', '0', 140, 20, 1, 0, 1, 0, 10, 1),
(2836, 560, 132, 362, 103, '-65319', '0', 140, 20, 1, 0, 1, 0, 10, 2),
(2837, 671, 287, 560, 132, '-65319', '0', 140, 20, 1, 0, 1, 0, 10, 2),
(2838, 609, 419, 671, 287, '-65319', '0', 140, 20, 1, 0, 1, 0, 10, 3),
(2839, 548, 474, 609, 419, '-65319', '0', 140, 20, 1, 0, 1, 0, 10, 1),
(2840, 490, 457, 548, 474, '-65319', '0', 140, 20, 1, 0, 1, 0, 10, 1),
(2841, 368, 348, 490, 457, '-65319', '0', 140, 20, 1, 0, 1, 0, 10, 4),
(2842, 274, 259, 368, 348, '-65319', '0', 140, 20, 1, 0, 1, 0, 10, 0),
(2843, 247, 219, 274, 259, '-65319', '0', 140, 20, 1, 0, 1, 0, 10, 1),
(2844, 227, 225, 247, 219, '-65319', '0', 140, 20, 1, 0, 1, 0, 10, 3),
(2845, 171, 365, 227, 225, '-65319', '0', 140, 20, 1, 0, 1, 0, 10, 2),
(2846, 182, 407, 171, 365, '-65319', '0', 140, 20, 1, 0, 1, 0, 10, 1),
(2847, 295, 416, 182, 407, '-65319', '0', 140, 20, 1, 0, 1, 0, 10, 3),
(2848, 375, 416, 295, 416, '-65319', '0', 140, 20, 1, 0, 1, 0, 10, 2),
(2849, 399, 407, 375, 416, '-65319', '0', 140, 20, 1, 0, 1, 0, 10, 0),
(2850, 145, 589, 146, 589, '-65319', '0', 140, 20, 1, 0, 1, 0, 10, 3),
(2851, 144, 589, 145, 589, '-65319', '0', 160, 20, 1, 0, 1, 0, 10, 3),
(2852, 137, 589, 144, 589, '-65319', '0', 180, 20, 1, 0, 1, 0, 10, 3),
(2853, 135, 589, 137, 589, '-65319', '0', 180, 20, 1, 0, 1, 0, 10, 4),
(2854, 134, 589, 135, 589, '-65319', '0', 180, 20, 1, 0, 1, 0, 10, 1),
(2855, 339, 355, 327, 358, '-65319', '0', 180, 20, 1, 0, 1, 0, 10, 3),
(2856, 350, 354, 339, 355, '-65319', '0', 180, 20, 1, 0, 1, 0, 10, 0),
(2857, 473, 431, 350, 354, '-65319', '0', 180, 20, 1, 0, 1, 0, 10, 0),
(2858, 475, 501, 473, 431, '-65319', '0', 180, 20, 1, 0, 1, 0, 10, 1),
(2859, 382, 465, 475, 501, '-65319', '0', 180, 20, 1, 0, 1, 0, 10, 2),
(2860, 247, 327, 382, 465, '-65319', '0', 180, 20, 1, 0, 1, 0, 10, 4),
(2861, 295, 227, 247, 327, '-65319', '0', 180, 20, 1, 0, 1, 0, 10, 2),
(2862, 466, 164, 295, 227, '-65319', '0', 180, 20, 1, 0, 1, 0, 10, 0),
(2863, 527, 238, 466, 164, '-65319', '0', 180, 20, 1, 0, 1, 0, 10, 1),
(2864, 472, 324, 527, 238, '-65319', '0', 180, 20, 1, 0, 1, 0, 10, 3),
(2865, 278, 259, 472, 324, '-65319', '0', 180, 20, 1, 0, 1, 0, 10, 1),
(2866, 189, 239, 278, 259, '-65319', '0', 180, 20, 1, 0, 1, 0, 10, 2),
(2867, 139, 592, 138, 592, '-65319', '0', 180, 20, 1, 0, 1, 0, 10, 2),
(2868, 140, 591, 139, 592, '-65319', '0', 180, 20, 1, 0, 1, 0, 10, 1),
(2869, 138, 585, 140, 591, '-65319', '0', 180, 20, 1, 0, 1, 0, 10, 3),
(2870, 137, 585, 138, 585, '-65319', '0', 180, 20, 1, 0, 1, 0, 10, 3),
(2871, 136, 592, 137, 585, '-65319', '0', 180, 20, 1, 0, 1, 0, 10, 1),
(2872, 136, 593, 136, 592, '-65319', '0', 180, 20, 1, 0, 1, 0, 10, 2),
(2873, 137, 593, 136, 593, '-65319', '0', 180, 20, 1, 0, 1, 0, 10, 0),
(2874, 499, 300, 482, 304, '-65319', '0', 180, 20, 1, 0, 1, 0, 10, 3),
(2875, 510, 300, 499, 300, '-65319', '0', 180, 20, 1, 0, 1, 0, 10, 3),
(2876, 525, 449, 510, 300, '-65319', '0', 180, 20, 1, 0, 1, 0, 10, 2),
(2877, 356, 403, 525, 449, '-65319', '0', 180, 20, 1, 0, 1, 0, 10, 2),
(2878, 279, 234, 356, 403, '-65319', '0', 180, 20, 1, 0, 1, 0, 10, 2),
(2879, 307, 184, 279, 234, '-65319', '0', 180, 20, 1, 0, 1, 0, 10, 1),
(2880, 394, 169, 307, 184, '-65319', '0', 180, 20, 1, 0, 1, 0, 10, 1),
(2881, 458, 180, 394, 169, '-65319', '0', 180, 20, 1, 0, 1, 0, 10, 2),
(2882, 391, 173, 458, 180, '-65319', '0', 180, 20, 1, 0, 1, 0, 10, 2),
(2883, 255, 101, 391, 173, '-65319', '0', 180, 20, 1, 0, 1, 0, 10, 3),
(2884, 251, 97, 255, 101, '-65319', '0', 180, 20, 1, 0, 1, 0, 10, 3),
(2885, 323, 7, 322, 7, '-65379', '0', 180, 20, 1, 0, 1, 0, 10, 1),
(2886, 330, 7, 329, 7, '-65408', '0', 180, 20, 1, 0, 1, 0, 10, 0),
(2887, 331, 7, 330, 7, '-65408', '0', 180, 20, 1, 0, 1, 0, 10, 0),
(2888, 332, 7, 331, 7, '-65408', '0', 180, 20, 1, 0, 1, 0, 10, 4),
(2889, 336, 6, 335, 6, '-65434', '0', 180, 20, 1, 0, 1, 0, 10, 2),
(2890, 338, 5, 336, 6, '-65434', '0', 180, 20, 1, 0, 1, 0, 10, 3),
(2891, 339, 5, 338, 5, '-65434', '0', 180, 20, 1, 0, 1, 0, 10, 1),
(2892, 339, 5, 339, 5, '-65447', '0', 180, 20, 1, 0, 1, 0, 10, 4),
(2893, 339, 5, 339, 5, '-65447', '0', 180, 20, 1, 0, 1, 0, 10, 3),
(2894, 329, 11, 330, 11, '-65404', '0', 180, 20, 1, 0, 1, 0, 10, 3),
(2895, 329, 11, 329, 11, '-65404', '0', 180, 20, 1, 0, 1, 0, 10, 0),
(2896, 329, 11, 329, 11, '-65404', '0', 180, 20, 1, 0, 1, 0, 10, 1),
(2897, 582, 239, 574, 230, '-65404', '0', 180, 20, 1, 0, 1, 0, 10, 1),
(2898, 589, 249, 582, 239, '-65404', '0', 180, 20, 1, 0, 1, 0, 10, 3),
(2899, 328, 295, 589, 249, '-65404', '0', 180, 20, 1, 0, 1, 0, 10, 1),
(2900, 301, 271, 328, 295, '-65404', '0', 180, 20, 1, 0, 1, 0, 10, 0),
(2901, 246, 214, 301, 271, '-65404', '0', 180, 20, 1, 0, 1, 0, 10, 2),
(2902, 246, 214, 301, 271, '-65404', '0', 180, 20, 1, 0, 1, 0, 10, 1),
(2903, 272, 161, 246, 214, '-65404', '0', 180, 20, 1, 0, 1, 0, 10, 1),
(2904, 254, 136, 272, 161, '-65404', '0', 180, 20, 1, 0, 1, 0, 10, 2),
(2905, 229, 121, 254, 136, '-65404', '0', 180, 20, 1, 0, 1, 0, 10, 2),
(2906, 228, 116, 229, 121, '-65404', '0', 180, 20, 1, 0, 1, 0, 10, 2),
(2907, 228, 116, 229, 121, '-65404', '0', 180, 20, 1, 0, 1, 0, 10, 1),
(2908, 228, 115, 228, 116, '-65404', '0', 180, 20, 1, 0, 1, 0, 10, 3),
(2909, 290, 123, 228, 115, '-65404', '0', 180, 20, 1, 0, 1, 0, 10, 3),
(2910, 327, 334, 290, 123, '-65404', '0', 180, 20, 1, 0, 1, 0, 10, 3),
(2911, 272, 212, 327, 334, '-65404', '0', 180, 20, 1, 0, 1, 0, 10, 4),
(2912, 268, 148, 272, 212, '-65404', '0', 180, 20, 1, 0, 1, 0, 10, 0),
(2913, 268, 121, 268, 148, '-65404', '0', 180, 20, 1, 0, 1, 0, 10, 3),
(2914, 254, 74, 268, 121, '-65404', '0', 180, 20, 1, 0, 1, 0, 10, 0),
(2915, 251, 69, 254, 74, '-65404', '0', 180, 20, 1, 0, 1, 0, 10, 1),
(2916, 245, 65, 251, 69, '-65404', '0', 180, 20, 1, 0, 1, 0, 10, 2),
(2917, 236, 60, 245, 65, '-65404', '0', 180, 20, 1, 0, 1, 0, 10, 3),
(2918, 229, 57, 236, 60, '-65404', '0', 180, 20, 1, 0, 1, 0, 10, 4),
(2919, 223, 55, 229, 57, '-65404', '0', 180, 20, 1, 0, 1, 0, 10, 0),
(2920, 221, 55, 223, 55, '-65404', '0', 180, 20, 1, 0, 1, 0, 10, 2),
(2921, 189, 73, 221, 55, '-65404', '0', 180, 20, 1, 0, 1, 0, 10, 3),
(2922, 161, 109, 189, 73, '-65404', '0', 180, 20, 1, 0, 1, 0, 10, 2),
(2923, 161, 116, 161, 109, '-65404', '0', 180, 20, 1, 0, 1, 0, 10, 1),
(2924, 242, 396, 161, 116, '-65404', '0', 180, 20, 1, 0, 1, 0, 10, 2),
(2925, 256, 541, 242, 396, '-65404', '0', 180, 20, 1, 0, 1, 0, 10, 2),
(2926, 68, 348, 256, 541, '-65404', '0', 180, 20, 1, 0, 1, 0, 10, 1),
(2927, 180, 184, 68, 348, '-65404', '0', 180, 20, 1, 0, 1, 0, 10, 4),
(2928, 625, 130, 180, 184, '-65404', '0', 180, 20, 1, 0, 1, 0, 10, 3),
(2929, 732, 396, 625, 130, '-65404', '0', 180, 20, 1, 0, 1, 0, 10, 2),
(2930, 578, 532, 732, 396, '-65404', '0', 180, 20, 1, 0, 1, 0, 10, 3),
(2931, 336, 387, 578, 532, '-65404', '0', 180, 20, 1, 0, 1, 0, 10, 3),
(2932, 403, 226, 336, 387, '-65404', '0', 180, 20, 1, 0, 1, 0, 10, 1),
(2933, 494, 267, 403, 226, '-65404', '0', 180, 20, 1, 0, 1, 0, 10, 1),
(2934, 442, 309, 494, 267, '-65404', '0', 180, 20, 1, 0, 1, 0, 10, 1),
(2935, 442, 309, 494, 267, '-65404', '0', 180, 20, 1, 0, 1, 0, 10, 1),
(2936, 441, 309, 442, 309, '-65404', '0', 180, 20, 1, 0, 1, 0, 10, 2),
(2937, 309, 206, 307, 207, '-65404', '0', 180, 20, 1, 0, 1, 0, 10, 0),
(2938, 313, 205, 309, 206, '-65404', '0', 180, 20, 1, 0, 1, 0, 10, 3),
(2939, 374, 150, 313, 205, '-65404', '0', 180, 20, 1, 0, 1, 0, 10, 1),
(2940, 374, 150, 374, 150, '-65404', '0', 180, 20, 1, 0, 1, 0, 10, 1),
(2941, 268, 51, 374, 150, '-65404', '0', 180, 20, 1, 0, 1, 0, 10, 2),
(2942, 244, 39, 268, 51, '-65404', '0', 180, 20, 1, 0, 1, 0, 10, 1),
(2943, 244, 39, 268, 51, '-65404', '0', 180, 20, 1, 0, 1, 0, 10, 1),
(2944, 407, 144, 406, 145, '-65404', '0', 180, 20, 1, 0, 1, 0, 10, 3),
(2945, 408, 144, 407, 144, '-65404', '0', 180, 20, 1, 0, 1, 0, 10, 0),
(2946, 358, 274, 408, 144, '-65404', '0', 180, 20, 1, 0, 1, 0, 10, 4),
(2947, 155, 451, 358, 274, '-65404', '0', 180, 20, 1, 0, 1, 0, 10, 1),
(2948, 138, 437, 155, 451, '-65404', '0', 180, 20, 1, 0, 1, 0, 10, 3),
(2949, 267, 455, 138, 437, '-65404', '0', 180, 20, 1, 0, 1, 0, 10, 1),
(2950, 647, 428, 267, 455, '-65404', '0', 180, 20, 1, 0, 1, 0, 10, 3),
(2951, 603, 367, 647, 428, '-65404', '0', 180, 20, 1, 0, 1, 0, 10, 0),
(2952, 451, 263, 603, 367, '-65404', '0', 180, 20, 1, 0, 1, 0, 10, 1),
(2953, 452, 186, 451, 263, '-65404', '0', 180, 20, 1, 0, 1, 0, 10, 1),
(2954, 601, 235, 452, 186, '-65404', '0', 180, 20, 1, 0, 1, 0, 10, 1),
(2955, 555, 375, 601, 235, '-65404', '0', 180, 20, 1, 0, 1, 0, 10, 1),
(2956, 399, 324, 555, 375, '-65404', '0', 180, 20, 1, 0, 1, 0, 10, 3),
(2957, 406, 118, 399, 324, '-65404', '0', 180, 20, 1, 0, 1, 0, 10, 3),
(2958, 517, 124, 406, 118, '-65404', '0', 180, 20, 1, 0, 1, 0, 10, 1),
(2959, 513, 187, 517, 124, '-65404', '0', 180, 20, 1, 0, 1, 0, 10, 2),
(2960, 484, 215, 513, 187, '-65404', '0', 180, 20, 1, 0, 1, 0, 10, 3),
(2961, 479, 224, 484, 215, '-65404', '0', 180, 20, 1, 0, 1, 0, 10, 2),
(2962, 477, 225, 479, 224, '-65404', '0', 180, 20, 1, 0, 1, 0, 10, 1),
(2963, 160, 282, 477, 225, '-65404', '0', 180, 20, 1, 0, 1, 0, 10, 4),
(2964, 0, 305, 160, 282, '-65404', '0', 180, 20, 1, 0, 1, 0, 10, 3),
(2965, 4, 319, 0, 305, '-65404', '0', 180, 20, 1, 0, 1, 0, 10, 2),
(2966, 409, 498, 4, 319, '-65404', '0', 180, 20, 1, 0, 1, 0, 10, 2),
(2967, 745, 443, 409, 498, '-65404', '0', 180, 20, 1, 0, 1, 0, 10, 2),
(2968, 755, 422, 745, 443, '-65404', '0', 180, 20, 1, 0, 1, 0, 10, 2),
(2969, 647, 472, 755, 422, '-65404', '0', 180, 20, 1, 0, 1, 0, 10, 2),
(2970, 311, 366, 647, 472, '-65404', '0', 180, 20, 1, 0, 1, 0, 10, 2),
(2971, 435, 181, 311, 366, '-65404', '0', 180, 20, 1, 0, 1, 0, 10, 3),
(2972, 673, 236, 435, 181, '-65404', '0', 180, 20, 1, 0, 1, 0, 10, 1),
(2973, 641, 420, 673, 236, '-65404', '0', 180, 20, 1, 0, 1, 0, 10, 0),
(2974, 321, 407, 641, 420, '-65404', '0', 180, 20, 1, 0, 1, 0, 10, 3),
(2975, 417, 163, 321, 407, '-65404', '0', 180, 20, 1, 0, 1, 0, 10, 1),
(2976, 786, 214, 417, 163, '-65404', '0', 180, 20, 1, 0, 1, 0, 10, 0),
(2977, 766, 491, 786, 214, '-65404', '0', 180, 20, 1, 0, 1, 0, 10, 2),
(2978, 454, 459, 766, 491, '-65404', '0', 180, 20, 1, 0, 1, 0, 10, 2),
(2979, 238, 161, 454, 459, '-65404', '0', 180, 20, 1, 0, 1, 0, 10, 2),
(2980, 230, 127, 238, 161, '-65404', '0', 180, 20, 1, 0, 1, 0, 10, 1),
(2981, 341, 398, 230, 127, '-65404', '0', 180, 20, 1, 0, 1, 0, 10, 2),
(2982, 112, 419, 341, 398, '-65404', '0', 180, 20, 1, 0, 1, 0, 10, 1),
(2983, 11, 264, 112, 419, '-65404', '0', 180, 20, 1, 0, 1, 0, 10, 1),
(2984, 291, 303, 11, 264, '-65404', '0', 180, 20, 1, 0, 1, 0, 10, 4),
(2985, 699, 570, 291, 303, '-65404', '0', 180, 20, 1, 0, 1, 0, 10, 0),
(2986, 436, 589, 436, 589, '-65404', '0', 180, 20, 1, 0, 1, 0, 10, 1),
(2987, 71, 351, 436, 589, '-65404', '0', 180, 20, 1, 0, 1, 0, 10, 1),
(2988, 64, 320, 71, 351, '-65404', '0', 180, 20, 1, 0, 1, 0, 10, 4),
(2989, 142, 453, 64, 320, '-65404', '0', 180, 20, 1, 0, 1, 0, 10, 0),
(2990, 162, 489, 142, 453, '-65404', '0', 180, 20, 1, 0, 1, 0, 10, 1),
(2991, 204, 321, 162, 489, '-65404', '0', 180, 20, 1, 0, 1, 0, 10, 1),
(2992, 259, 252, 204, 321, '-65404', '0', 180, 20, 1, 0, 1, 0, 10, 4),
(2993, 259, 310, 259, 252, '-65404', '0', 180, 20, 1, 0, 1, 0, 10, 2),
(2994, 143, 593, 143, 593, '-65404', '0', 180, 20, 1, 0, 1, 0, 10, 3),
(2995, 143, 592, 143, 593, '-65404', '0', 200, 20, 1, 0, 1, 0, 10, 3),
(2996, 144, 588, 143, 592, '-65404', '0', 220, 20, 1, 0, 1, 0, 10, 1),
(2997, 142, 597, 144, 588, '-65404', '0', 240, 20, 1, 0, 1, 0, 10, 1),
(2998, 144, 598, 142, 597, '-65404', '0', 260, 20, 1, 0, 1, 0, 10, 3),
(2999, 146, 595, 144, 598, '-65404', '0', 280, 20, 1, 0, 1, 0, 10, 0),
(3000, 145, 594, 146, 595, '-65404', '0', 300, 20, 1, 0, 1, 0, 10, 3),
(3001, 144, 591, 145, 594, '-65404', '0', 320, 20, 1, 0, 1, 0, 10, 3),
(3002, 144, 596, 144, 591, '-65404', '0', 340, 20, 1, 0, 1, 0, 10, 2),
(3003, 144, 595, 144, 596, '-65404', '0', 360, 20, 1, 0, 1, 0, 10, 4),
(3004, 142, 593, 144, 595, '-65404', '0', 360, 20, 1, 0, 1, 0, 10, 3),
(3005, 140, 599, 140, 599, '-65404', '0', 360, 20, 1, 0, 1, 0, 10, 3),
(3006, 119, 3, 119, 4, '-16449792', '0', 360, 20, 1, 0, 1, 0, 10, 2),
(3007, 118, 2, 119, 3, '-16449792', '0', 360, 20, 1, 0, 1, 0, 10, 2),
(3008, 225, 122, 206, 118, '-16449792', '0', 360, 20, 1, 0, 1, 0, 10, 1),
(3009, 247, 129, 225, 122, '-16449792', '0', 360, 20, 1, 0, 1, 0, 10, 1),
(3010, 772, 502, 772, 502, '-16449792', '0', 360, 20, 1, 0, 1, 0, 10, 1),
(3011, 195, 73, 772, 502, '-16449792', '0', 360, 20, 1, 0, 1, 0, 10, 4),
(3012, 270, 0, 270, 0, '-16449792', '0', 360, 20, 1, 0, 1, 0, 10, 2),
(3013, 572, 287, 270, 0, '-16449792', '0', 360, 20, 1, 0, 1, 0, 10, 2),
(3014, 516, 299, 572, 287, '-16449792', '0', 360, 20, 1, 0, 1, 0, 10, 0),
(3015, 146, 218, 516, 299, '-16449792', '0', 360, 20, 1, 0, 1, 0, 10, 1),
(3016, 85, 257, 146, 218, '-16449792', '0', 360, 20, 1, 0, 1, 0, 10, 1),
(3017, 274, 396, 85, 257, '-16449792', '0', 360, 20, 1, 0, 1, 0, 10, 2),
(3018, 570, 334, 274, 396, '-16449792', '0', 360, 20, 1, 0, 1, 0, 10, 1),
(3019, 511, 286, 570, 334, '-16449792', '0', 360, 20, 1, 0, 1, 0, 10, 1),
(3020, 136, 401, 511, 286, '-16449792', '0', 360, 20, 1, 0, 1, 0, 10, 4),
(3021, 196, 408, 136, 401, '-16449792', '0', 360, 20, 1, 0, 1, 0, 10, 3),
(3022, 378, 112, 196, 408, '-16449792', '0', 360, 20, 1, 0, 1, 0, 10, 1),
(3023, 362, 209, 378, 112, '-16449792', '0', 360, 20, 1, 0, 1, 0, 10, 3),
(3024, 222, 499, 362, 209, '-16449792', '0', 360, 20, 1, 0, 1, 0, 10, 1),
(3025, 80, 358, 222, 499, '-16449792', '0', 360, 20, 1, 0, 1, 0, 10, 3),
(3026, 66, 289, 80, 358, '-16449792', '0', 360, 20, 1, 0, 1, 0, 10, 3),
(3027, 553, 561, 66, 289, '-16449792', '0', 360, 20, 1, 0, 1, 0, 10, 2),
(3028, 674, 486, 553, 561, '-16449792', '0', 360, 20, 1, 0, 1, 0, 10, 3),
(3029, 428, 169, 674, 486, '-16449792', '0', 360, 20, 1, 0, 1, 0, 10, 0),
(3030, 68, 207, 428, 169, '-16449792', '0', 360, 20, 1, 0, 1, 0, 10, 2),
(3031, 94, 338, 68, 207, '-16449792', '0', 360, 20, 1, 0, 1, 0, 10, 3),
(3032, 449, 177, 94, 338, '-16449792', '0', 360, 20, 1, 0, 1, 0, 10, 2),
(3033, 485, 42, 449, 177, '-16449792', '0', 360, 20, 1, 0, 1, 0, 10, 0),
(3034, 216, 211, 485, 42, '-16449792', '0', 360, 20, 1, 0, 1, 0, 10, 3),
(3035, 144, 289, 216, 211, '-16449792', '0', 360, 20, 1, 0, 1, 0, 10, 2),
(3036, 262, 175, 144, 289, '-16449792', '0', 360, 20, 1, 0, 1, 0, 10, 4),
(3037, 559, 216, 262, 175, '-16449792', '0', 360, 20, 1, 0, 1, 0, 10, 1),
(3038, 430, 409, 559, 216, '-16449792', '0', 360, 20, 1, 0, 1, 0, 10, 3),
(3039, 59, 308, 430, 409, '-16449792', '0', 360, 20, 1, 0, 1, 0, 10, 1),
(3040, 611, 447, 610, 447, '-16449792', '0', 360, 20, 1, 0, 1, 0, 10, 2),
(3041, 614, 445, 611, 447, '-16449792', '0', 360, 20, 1, 0, 1, 0, 10, 2),
(3042, 719, 160, 614, 445, '-16449792', '0', 360, 20, 1, 0, 1, 0, 10, 1),
(3043, 773, 434, 719, 160, '-16449792', '0', 360, 20, 1, 0, 1, 0, 10, 2),
(3044, 711, 396, 773, 434, '-16449792', '0', 360, 20, 1, 0, 1, 0, 10, 2),
(3045, 668, 157, 711, 396, '-16449792', '0', 360, 20, 1, 0, 1, 0, 10, 4),
(3046, 704, 170, 668, 157, '-16449792', '0', 360, 20, 1, 0, 1, 0, 10, 2),
(3047, 777, 236, 704, 170, '-16449792', '0', 360, 20, 1, 0, 1, 0, 10, 3),
(3048, 746, 219, 777, 236, '-16449792', '0', 360, 20, 1, 0, 1, 0, 10, 1),
(3049, 329, 16, 746, 219, '-16449792', '0', 360, 20, 1, 0, 1, 0, 10, 0),
(3050, 0, 92, 329, 16, '-16449792', '0', 360, 20, 1, 0, 1, 0, 10, 2),
(3051, 0, 106, 0, 92, '-16449792', '0', 360, 20, 1, 0, 1, 0, 10, 0),
(3052, 86, 87, 0, 106, '-16449792', '0', 360, 20, 1, 0, 1, 0, 10, 4),
(3053, 679, 218, 86, 87, '-16449792', '0', 360, 20, 1, 0, 1, 0, 10, 4),
(3054, 600, 226, 679, 218, '-16449792', '0', 360, 20, 1, 0, 1, 0, 10, 1),
(3055, 164, 67, 600, 226, '-16449792', '0', 360, 20, 1, 0, 1, 0, 10, 2),
(3056, 140, 47, 164, 67, '-16449792', '0', 360, 20, 1, 0, 1, 0, 10, 2),
(3057, 265, 125, 140, 47, '-16449792', '0', 360, 20, 1, 0, 1, 0, 10, 4),
(3058, 218, 308, 265, 125, '-16449792', '0', 360, 20, 1, 0, 1, 0, 10, 1),
(3059, 1, 112, 218, 308, '-16449792', '0', 360, 20, 1, 0, 1, 0, 10, 4),
(3060, 85, 139, 1, 112, '-16449792', '0', 360, 20, 1, 0, 1, 0, 10, 3),
(3061, 124, 415, 85, 139, '-16449792', '0', 360, 20, 1, 0, 1, 0, 10, 3),
(3062, 0, 428, 124, 415, '-16449792', '0', 360, 20, 1, 0, 1, 0, 10, 0),
(3063, 66, 187, 0, 428, '-16449792', '0', 360, 20, 1, 0, 1, 0, 10, 1),
(3064, 218, 299, 66, 187, '-16449792', '0', 360, 20, 1, 0, 1, 0, 10, 2),
(3065, 277, 586, 277, 586, '-16449792', '0', 360, 20, 1, 0, 1, 0, 10, 1),
(3066, 686, 490, 277, 586, '-16449792', '0', 360, 20, 1, 0, 1, 0, 10, 3),
(3067, 786, 544, 786, 544, '-16449792', '0', 360, 20, 1, 0, 1, 0, 10, 2),
(3068, 511, 357, 786, 544, '-16449792', '0', 360, 20, 1, 0, 1, 0, 10, 1),
(3069, 652, 442, 511, 357, '-16449792', '0', 360, 20, 1, 0, 1, 0, 10, 2),
(3070, 437, 558, 652, 442, '-16449792', '0', 360, 20, 1, 0, 1, 0, 10, 3),
(3071, 162, 483, 437, 558, '-16449792', '0', 360, 20, 1, 0, 1, 0, 10, 1),
(3072, 186, 487, 162, 483, '-16449792', '0', 360, 20, 1, 0, 1, 0, 10, 2),
(3073, 131, 576, 186, 487, '-16449792', '0', 360, 20, 1, 0, 1, 0, 10, 1),
(3074, 29, 535, 131, 576, '-16449792', '0', 360, 20, 1, 0, 1, 0, 10, 1),
(3075, 34, 509, 29, 535, '-16449792', '0', 360, 20, 1, 0, 1, 0, 10, 3),
(3076, 83, 534, 34, 509, '-16449792', '0', 360, 20, 1, 0, 1, 0, 10, 2),
(3077, 0, 549, 83, 534, '-16449792', '0', 360, 20, 1, 0, 1, 0, 10, 0),
(3078, 45, 503, 0, 549, '-16449792', '0', 360, 20, 1, 0, 1, 0, 10, 1),
(3079, 68, 541, 45, 503, '-16449792', '0', 360, 20, 1, 0, 1, 0, 10, 2),
(3080, 19, 451, 68, 541, '-16449792', '0', 360, 20, 1, 0, 1, 0, 10, 0),
(3081, 93, 419, 19, 451, '-16449792', '0', 360, 20, 1, 0, 1, 0, 10, 3),
(3082, 71, 457, 93, 419, '-16449792', '0', 360, 20, 1, 0, 1, 0, 10, 3),
(3083, 22, 343, 71, 457, '-16449792', '0', 360, 20, 1, 0, 1, 0, 10, 1),
(3084, 100, 445, 22, 343, '-16449792', '0', 360, 20, 1, 0, 1, 0, 10, 1),
(3085, 25, 381, 100, 445, '-16449792', '0', 360, 20, 1, 0, 1, 0, 10, 1),
(3086, 59, 253, 25, 381, '-16449792', '0', 360, 20, 1, 0, 1, 0, 10, 2),
(3087, 55, 286, 59, 253, '-16449792', '0', 360, 20, 1, 0, 1, 0, 10, 4),
(3088, 79, 113, 55, 286, '-16449792', '0', 360, 20, 1, 0, 1, 0, 10, 3),
(3089, 117, 113, 79, 113, '-16449792', '0', 360, 20, 1, 0, 1, 0, 10, 2),
(3090, 93, 76, 117, 113, '-16449792', '0', 360, 20, 1, 0, 1, 0, 10, 3),
(3091, 111, 6, 93, 76, '-16449792', '0', 360, 20, 1, 0, 1, 0, 10, 3),
(3092, 70, 49, 111, 6, '-16449792', '0', 360, 20, 1, 0, 1, 0, 10, 2),
(3093, 67, 31, 70, 49, '-16449792', '0', 360, 20, 1, 0, 1, 0, 10, 2),
(3094, 21, 66, 67, 31, '-16449792', '0', 360, 20, 1, 0, 1, 0, 10, 2),
(3095, 70, 80, 21, 66, '-16449792', '0', 360, 20, 1, 0, 1, 0, 10, 0),
(3096, 159, 145, 70, 80, '-16449792', '0', 360, 20, 1, 0, 1, 0, 10, 3),
(3097, 121, 85, 159, 145, '-16449792', '0', 360, 20, 1, 0, 1, 0, 10, 0),
(3098, 212, 115, 121, 85, '-16449792', '0', 360, 20, 1, 0, 1, 0, 10, 1),
(3099, 153, 94, 212, 115, '-16449792', '0', 360, 20, 1, 0, 1, 0, 10, 1),
(3100, 622, 64, 153, 94, '-16449792', '0', 360, 20, 1, 0, 1, 0, 10, 3),
(3101, 584, 122, 622, 64, '-16449792', '0', 360, 20, 1, 0, 1, 0, 10, 3),
(3102, 531, 88, 584, 122, '-16449792', '0', 360, 20, 1, 0, 1, 0, 10, 2),
(3103, 759, 144, 531, 88, '-16449792', '0', 360, 20, 1, 0, 1, 0, 10, 1),
(3104, 676, 135, 759, 144, '-16449792', '0', 360, 20, 1, 0, 1, 0, 10, 3),
(3105, 799, 58, 799, 58, '-16449792', '0', 360, 20, 1, 0, 1, 0, 10, 4),
(3106, 687, 33, 799, 58, '-16449792', '0', 360, 20, 1, 0, 1, 0, 10, 2),
(3107, 678, 75, 687, 33, '-16449792', '0', 360, 20, 1, 0, 1, 0, 10, 2),
(3108, 694, 75, 678, 75, '-16449792', '0', 360, 20, 1, 0, 1, 0, 10, 3),
(3109, 722, 104, 694, 75, '-16449792', '0', 360, 20, 1, 0, 1, 0, 10, 4),
(3110, 702, 101, 722, 104, '-16449792', '0', 360, 20, 1, 0, 1, 0, 10, 1),
(3111, 721, 129, 702, 101, '-16449792', '0', 360, 20, 1, 0, 1, 0, 10, 0),
(3112, 794, 382, 721, 129, '-16449792', '0', 360, 20, 1, 0, 1, 0, 10, 0),
(3113, 708, 250, 794, 382, '-16449792', '0', 360, 20, 1, 0, 1, 0, 10, 1),
(3114, 731, 236, 708, 250, '-16449792', '0', 360, 20, 1, 0, 1, 0, 10, 3),
(3115, 798, 483, 731, 236, '-16449792', '0', 360, 20, 1, 0, 1, 0, 10, 1),
(3116, 683, 348, 798, 483, '-16449792', '0', 360, 20, 1, 0, 1, 0, 10, 1),
(3117, 779, 541, 683, 348, '-16449792', '0', 360, 20, 1, 0, 1, 0, 10, 4),
(3118, 604, 581, 604, 581, '-16449792', '0', 360, 20, 1, 0, 1, 0, 10, 4),
(3119, 605, 488, 604, 581, '-16449792', '0', 360, 20, 1, 0, 1, 0, 10, 2),
(3120, 480, 588, 480, 588, '-16449792', '0', 360, 20, 1, 0, 1, 0, 10, 4),
(3121, 448, 596, 448, 596, '-16449792', '0', 360, 20, 1, 0, 1, 0, 10, 1),
(3122, 432, 575, 448, 596, '-16449792', '0', 360, 20, 1, 0, 1, 0, 10, 2),
(3123, 400, 555, 402, 555, '-16449792', '0', 360, 20, 1, 0, 1, 0, 10, 3),
(3124, 398, 555, 400, 555, '-16449792', '0', 360, 20, 1, 0, 1, 0, 10, 0),
(3125, 301, 508, 398, 555, '-16449792', '0', 360, 20, 1, 0, 1, 0, 10, 1),
(3126, 577, 588, 301, 508, '-16449792', '0', 360, 20, 1, 0, 1, 0, 10, 1),
(3127, 335, 526, 577, 588, '-16449792', '0', 360, 20, 1, 0, 1, 0, 10, 0),
(3128, 372, 467, 335, 526, '-16449792', '0', 360, 20, 1, 0, 1, 0, 10, 4),
(3129, 313, 551, 372, 467, '-16449792', '0', 360, 20, 1, 0, 1, 0, 10, 4),
(3130, 277, 462, 313, 551, '-16449792', '0', 360, 20, 1, 0, 1, 0, 10, 1),
(3131, 296, 483, 277, 462, '-16449792', '0', 360, 20, 1, 0, 1, 0, 10, 3),
(3132, 360, 488, 296, 483, '-16449792', '0', 360, 20, 1, 0, 1, 0, 10, 3),
(3133, 454, 375, 360, 488, '-16449792', '0', 360, 20, 1, 0, 1, 0, 10, 2),
(3134, 377, 396, 454, 375, '-16449792', '0', 360, 20, 1, 0, 1, 0, 10, 0),
(3135, 375, 285, 377, 396, '-16449792', '0', 360, 20, 1, 0, 1, 0, 10, 1),
(3136, 404, 246, 375, 285, '-16449792', '0', 360, 20, 1, 0, 1, 0, 10, 2),
(3137, 350, 201, 404, 246, '-16449792', '0', 360, 20, 1, 0, 1, 0, 10, 2),
(3138, 343, 171, 350, 201, '-16449792', '0', 360, 20, 1, 0, 1, 0, 10, 4),
(3139, 335, 174, 343, 171, '-16449792', '0', 360, 20, 1, 0, 1, 0, 10, 4),
(3140, 529, 174, 335, 174, '-16449792', '0', 360, 20, 1, 0, 1, 0, 10, 1),
(3141, 665, 265, 529, 174, '-16449792', '0', 360, 20, 1, 0, 1, 0, 10, 2),
(3142, 344, 192, 665, 265, '-16449792', '0', 360, 20, 1, 0, 1, 0, 10, 1),
(3143, 453, 88, 344, 192, '-16449792', '0', 360, 20, 1, 0, 1, 0, 10, 3),
(3144, 766, 253, 766, 253, '-16449792', '0', 360, 20, 1, 0, 1, 0, 10, 2),
(3145, 501, 259, 766, 253, '-16449792', '0', 360, 20, 1, 0, 1, 0, 10, 2),
(3146, 388, 307, 501, 259, '-16449792', '0', 360, 20, 1, 0, 1, 0, 10, 1),
(3147, 0, 417, 388, 307, '-16449792', '0', 360, 20, 1, 0, 1, 0, 10, 1),
(3148, 28, 372, 0, 417, '-16449792', '0', 360, 20, 1, 0, 1, 0, 10, 1),
(3149, 168, 440, 28, 372, '-16449792', '0', 360, 20, 1, 0, 1, 0, 10, 3),
(3150, 191, 437, 168, 440, '-16449792', '0', 360, 20, 1, 0, 1, 0, 10, 0),
(3151, 186, 327, 191, 437, '-16449792', '0', 360, 20, 1, 0, 1, 0, 10, 1),
(3152, 249, 381, 186, 327, '-16449792', '0', 360, 20, 1, 0, 1, 0, 10, 0),
(3153, 240, 405, 249, 381, '-16449792', '0', 360, 20, 1, 0, 1, 0, 10, 1),
(3154, 185, 282, 240, 405, '-16449792', '0', 360, 20, 1, 0, 1, 0, 10, 0),
(3155, 324, 393, 185, 282, '-16449792', '0', 360, 20, 1, 0, 1, 0, 10, 4),
(3156, 362, 405, 324, 393, '-16449792', '0', 360, 20, 1, 0, 1, 0, 10, 2),
(3157, 332, 289, 362, 405, '-16449792', '0', 360, 20, 1, 0, 1, 0, 10, 2),
(3158, 492, 323, 332, 289, '-16449792', '0', 360, 20, 1, 0, 1, 0, 10, 0),
(3159, 33, 592, 34, 592, '-16449792', '0', 360, 20, 1, 0, 1, 0, 10, 1),
(3160, 31, 590, 32, 591, '-16449792', '0', 360, 20, 1, 1, 0, 0, 10, 2);

-- --------------------------------------------------------

--
-- Estructura de tabla para la tabla `subjects`
--

CREATE TABLE IF NOT EXISTS `subjects` (
  `id` int(11) NOT NULL AUTO_INCREMENT,
  `menu_name` varchar(30) NOT NULL,
  `position` int(3) NOT NULL,
  `visible` tinyint(1) NOT NULL,
  PRIMARY KEY (`id`)
) ENGINE=MyISAM  DEFAULT CHARSET=latin1 AUTO_INCREMENT=37 ;

--
-- Volcar la base de datos para la tabla `subjects`
--

INSERT INTO `subjects` (`id`, `menu_name`, `position`, `visible`) VALUES
(1, 'mariano1', 1, 2),
(2, 'mariano2', 1, 2),
(3, 'mariano3', 1, 2),
(4, 'mariano4', 1, 2);

-- --------------------------------------------------------

--
-- Estructura de tabla para la tabla `usuario`
--

CREATE TABLE IF NOT EXISTS `usuario` (
  `id` int(11) NOT NULL AUTO_INCREMENT,
  `nombre` varchar(20) NOT NULL DEFAULT '',
  `nick` varchar(20) NOT NULL DEFAULT '',
  `contrasenia` varchar(20) NOT NULL DEFAULT '',
  PRIMARY KEY (`id`)
) ENGINE=MyISAM  DEFAULT CHARSET=latin1 AUTO_INCREMENT=2 ;

--
-- Volcar la base de datos para la tabla `usuario`
--

INSERT INTO `usuario` (`id`, `nombre`, `nick`, `contrasenia`) VALUES
(1, 'mariano', 'mariano', 'mariano');

-- --------------------------------------------------------

--
-- Estructura de tabla para la tabla `usuarios`
--

CREATE TABLE IF NOT EXISTS `usuarios` (
  `id` int(11) NOT NULL AUTO_INCREMENT,
  `nick` varchar(20) NOT NULL,
  `pass` varchar(10) NOT NULL,
  `descripcion` text CHARACTER SET utf8 COLLATE utf8_spanish_ci,
  `email` varchar(45) CHARACTER SET utf8 COLLATE utf8_spanish_ci DEFAULT NULL,
  `mensaje` text NOT NULL,
  `fecha` date NOT NULL,
  `posX` int(11) NOT NULL,
  `posY` int(11) NOT NULL,
  PRIMARY KEY (`id`)
) ENGINE=MyISAM  DEFAULT CHARSET=latin1 AUTO_INCREMENT=111 ;

--
-- Volcar la base de datos para la tabla `usuarios`
--

INSERT INTO `usuarios` (`id`, `nick`, `pass`, `descripcion`, `email`, `mensaje`, `fecha`, `posX`, `posY`) VALUES
(9, 'mariano1', 'mariano', NULL, 'marianoferle@hotmail.com', 'iuhiuhiuh', '2011-12-12', 104, 114),
(10, 'mariano2', 'mariano', NULL, 'marianoferle@gmail.com', 'siiiiii', '2011-12-12', 520, 61),
(11, 'mariano3', 'mariano', NULL, 'marianoferle@ail.com', 'ggggggggggggggg', '2011-12-13', 270, 50),
(83, 'mariano4', 'mariano', NULL, 'marianoferle@hotpokmail.com', 'mariano hola', '2011-12-15', 143, 40),
(104, 'marianoo', 'mariano', NULL, 'me@gmail.com', '', '2012-10-12', 0, 0),
(96, 'nati', 'mariano', NULL, 'marianof@g.con.ar', 'la gorda!!!', '2012-01-20', 22, 35),
(97, 'mariano', 'mariano', NULL, 'marianoferle@hotmail.com', 'marianoooo', '2012-02-13', 14, 158),
(98, 'mariano23', 'mariano', NULL, 'marianoferle@hotmail.com', 'siiiiiiiiiiiiii', '2012-05-08', 519, 218),
(99, 'mariano', 'mariano', NULL, 'marianoferle@hotmail.com', '', '2012-10-10', 0, 0),
(100, 'mariano22', 'mariano22', NULL, 'marianoferle@hotmail.com', '', '2012-10-10', 0, 0),
(108, 'm23', 'm23', NULL, 'mrle@hl.com', '', '2012-10-15', 0, 0),
(109, 'm24', 'm24', NULL, 'm24@gm.com', '', '2012-10-15', 0, 0),
(110, 'm25', 'm25', NULL, 'mariapokokpoknoferle@hotmail.com', '', '2012-10-17', 0, 0);

-- --------------------------------------------------------

--
-- Estructura de tabla para la tabla `usuarios2`
--

CREATE TABLE IF NOT EXISTS `usuarios2` (
  `id` int(11) NOT NULL AUTO_INCREMENT,
  `usuario` varchar(20) NOT NULL,
  `password` varchar(10) NOT NULL,
  `descripcion` text CHARACTER SET utf8 COLLATE utf8_spanish_ci,
  `email` varchar(45) CHARACTER SET utf8 COLLATE utf8_spanish_ci DEFAULT NULL,
  `fecha` date NOT NULL,
  PRIMARY KEY (`id`)
) ENGINE=MyISAM  DEFAULT CHARSET=latin1 AUTO_INCREMENT=6 ;

--
-- Volcar la base de datos para la tabla `usuarios2`
--

INSERT INTO `usuarios2` (`id`, `usuario`, `password`, `descripcion`, `email`, `fecha`) VALUES
(1, 'mariano22', 'mariano', NULL, 'marianoferle@hotmail.com', '2012-10-12'),
(2, 'mariano25', 'mariano', NULL, 'marianoferle@gmail.com', '2012-10-12'),
(3, 'mariano', 'mariano', NULL, 'marierle@hotmail.com', '2012-10-12'),
(4, 'mariano2', 'mariano', NULL, 'marle@hotmail.com', '2012-10-12'),
(5, 'mariano1', 'mariano', NULL, 'marianoferle@hoil.com', '2012-10-12');

-- --------------------------------------------------------

--
-- Estructura de tabla para la tabla `usuarios3`
--

CREATE TABLE IF NOT EXISTS `usuarios3` (
  `id` int(11) NOT NULL AUTO_INCREMENT,
  `nick` varchar(20) NOT NULL,
  `pass` varchar(10) NOT NULL,
  `email` varchar(50) DEFAULT NULL,
  `dni` int(11) DEFAULT NULL,
  `mensaje` text NOT NULL,
  `fecha` date NOT NULL,
  `posX` int(11) NOT NULL,
  `posY` int(11) NOT NULL,
  PRIMARY KEY (`id`)
) ENGINE=MyISAM  DEFAULT CHARSET=latin1 AUTO_INCREMENT=10 ;

--
-- Volcar la base de datos para la tabla `usuarios3`
--

